1001,2.8371953472834E-6,2.3961957031968E-6
1000,2.8371953472834E-6,2.4011955973784E-6
1001,2.8371953472834E-6,2.4073585455569E-6
1000,2.8371953472834E-6,2.4079754123676E-6
1001,2.8371953472834E-6,2.4115975377088E-6
1000,2.8371953472834E-6,2.4147027511157E-6
1001,2.8371953472834E-6,2.4177779820285E-6
1000,2.8371953472834E-6,2.4193487895825E-6
1001,2.8371953472834E-6,2.423081174136E-6
1000,2.8371953472834E-6,2.4247166055836E-6
1001,2.8371953472834E-6,2.4274729971308E-6
1000,2.8371953472834E-6,2.4307130977642E-6
1001,2.8371953472834E-6,2.4336830988194E-6
1000,2.8371953472834E-6,2.4350795688956E-6
1001,2.8371953472834E-6,2.4368613302978E-6
1000,2.8371953472834E-6,2.4397155978762E-6
1001,2.8371953472834E-6,2.4417999304667E-6
1000,2.8371953472834E-6,2.4443347140484E-6
1001,2.8371953472834E-6,2.4436950335549E-6
1000,2.8371953472834E-6,2.4461129320449E-6
1001,2.8371953472834E-6,2.4483972566722E-6
1000,2.8371953472834E-6,2.4508871546437E-6
1001,2.8371953472834E-6,2.4521192549121E-6
1000,2.8371953472834E-6,2.4564294052168E-6
1001,2.8371953472834E-6,2.4563029829225E-6
1000,2.8371953472834E-6,2.4576352853439E-6
1001,2.8371953472834E-6,2.4569819992728E-6
1000,2.8371953472834E-6,2.4608175547235E-6
1001,2.8371953472834E-6,2.4620384892658E-6
1000,2.8371953472834E-6,2.4631686166533E-6
1001,2.8371953472834E-6,2.4686200746823E-6
1000,2.8371953472834E-6,2.4677429106734E-6
1001,2.8371953472834E-6,2.4721787475549E-6
1000,2.8371953472834E-6,2.4703864646186E-6
1001,2.8371953472834E-6,2.4739138564524E-6
1000,2.8371953472834E-6,2.475552368552E-6
1001,2.8371953472834E-6,2.4759205487206E-6
1000,2.8371953472834E-6,2.4772569782827E-6
1001,2.8371953472834E-6,2.4822060895608E-6
1000,2.8371953472834E-6,2.4818001634863E-6
1001,2.8371953472834E-6,2.4823549547243E-6
1000,2.8371953472834E-6,2.4864455110704E-6
1001,2.8371953472834E-6,2.4865789442485E-6
1000,2.8371953472834E-6,2.4867539784155E-6
1001,2.8371953472834E-6,2.4888396406419E-6
1000,2.8371953472834E-6,2.4893135845834E-6
1001,2.8371953472834E-6,2.4920769962586E-6
1000,2.8371953472834E-6,2.4935239912006E-6
1001,2.8371953472834E-6,2.4942997226339E-6
1000,2.8371953472834E-6,2.4936837480245E-6
1001,2.8371953472834E-6,2.4971719246228E-6
1000,2.8371953472834E-6,2.4955450598213E-6
1001,2.8371953472834E-6,2.4978471388083E-6
1000,2.8371953472834E-6,2.4984069472332E-6
1001,2.8371953472834E-6,2.4998582070524E-6
1000,2.8371953472834E-6,2.5018404008428E-6
1001,2.8371953472834E-6,2.5032872232881E-6
1000,2.8371953472834E-6,2.5042494474783E-6
1001,2.8371953472834E-6,2.504674559401E-6
1000,2.8371953472834E-6,2.5061102329248E-6
1001,2.8371953472834E-6,2.5064230700643E-6
1000,2.8371953472834E-6,2.5094045552701E-6
1001,2.8371953472834E-6,2.5092588995839E-6
1000,2.8371953472834E-6,2.5095264112147E-6
1001,2.8371953472834E-6,2.5116227096227E-6
1000,2.8371953472834E-6,2.5141190138092E-6
1001,2.8371953472834E-6,2.5148470826313E-6
1000,2.8371953472834E-6,2.5134519371837E-6
1001,2.8371953472834E-6,2.5165159169139E-6
1000,2.8371953472834E-6,2.5152697162136E-6
1001,2.8371953472834E-6,2.517419429561E-6
1000,2.8371953472834E-6,2.5195408775262E-6
1001,2.8371953472834E-6,2.5206414278154E-6
1000,2.8371953472834E-6,2.5201679166863E-6
1001,2.8371953472834E-6,2.5247906031867E-6
1000,2.8371953472834E-6,2.5241332407629E-6
1001,2.8371953472834E-6,2.5243498025126E-6
1000,2.8371953472834E-6,2.5270031916605E-6
1001,2.8371953472834E-6,2.5274261424141E-6
1000,2.8371953472834E-6,2.5266357758234E-6
1001,2.8371953472834E-6,2.5288438577557E-6
1000,2.8371953472834E-6,2.5275077085154E-6
1001,2.8371953472834E-6,2.5288573037679E-6
1000,2.8371953472834E-6,2.5313550764847E-6
1001,2.8371953472834E-6,2.5318159999829E-6
1000,2.8371953472834E-6,2.5337289977691E-6
1001,2.8371953472834E-6,2.5344003709685E-6
1000,2.8371953472834E-6,2.5336596550414E-6
1001,2.8371953472834E-6,2.5348661147551E-6
1000,2.8371953472834E-6,2.536666841518E-6
1001,2.8371953472834E-6,2.5376207076816E-6
1000,2.8371953472834E-6,2.538368465811E-6
1001,2.8371953472834E-6,2.5390424366119E-6
1000,2.8371953472834E-6,2.5389404289708E-6
1001,2.8371953472834E-6,2.5406258220997E-6
1000,2.8371953472834E-6,2.5416720438375E-6
1001,2.8371953472834E-6,2.5441680865983E-6
1000,2.8371953472834E-6,2.5448284605693E-6
1001,2.8371953472834E-6,2.5453498225239E-6
1000,2.8371953472834E-6,2.5471987420869E-6
1001,2.8371953472834E-6,2.5495428648456E-6
1000,2.8371953472834E-6,2.5492407663483E-6
1001,2.8371953472834E-6,2.5520851399767E-6
1000,2.8371953472834E-6,2.5535898442213E-6
1001,2.8371953472834E-6,2.554644885606E-6
1000,2.8371953472834E-6,2.5560569663235E-6
1001,2.8371953472834E-6,2.5569190626775E-6
1000,2.8371953472834E-6,2.556669390566E-6
1001,2.8371953472834E-6,2.5612709754273E-6
1000,2.8371953472834E-6,2.5570531791323E-6
1001,2.8371953472834E-6,2.560911780504E-6
1000,2.8371953472834E-6,2.5611531803279E-6
1001,2.8371953472834E-6,2.5613124562201E-6
1000,2.8371953472834E-6,2.5646123218628E-6
1001,2.8371953472834E-6,2.5673965318828E-6
1000,2.8371953472834E-6,2.5674309622329E-6
1001,2.8371953472834E-6,2.5676532958997E-6
1000,2.8371953472834E-6,2.5689755348357E-6
1001,2.8371953472834E-6,2.5709028292948E-6
1000,2.8371953472834E-6,2.5694563633099E-6
1001,2.8371953472834E-6,2.5713125142253E-6
1000,2.8371953472834E-6,2.5731125107772E-6
1001,2.8371953472834E-6,2.5761772389683E-6
1000,2.8371953472834E-6,2.5736779248208E-6
1001,2.8371953472834E-6,2.5768247921848E-6
1000,2.8371953472834E-6,2.5784805588306E-6
1001,2.8371953472834E-6,2.5777966185163E-6
1000,2.8371953472834E-6,2.5793231327201E-6
1001,2.8371953472834E-6,2.5809056609728E-6
1000,2.8371953472834E-6,2.5829296053629E-6
1001,2.8371953472834E-6,2.5813086986017E-6
1000,2.8371953472834E-6,2.5829934861046E-6
1001,2.8371953472834E-6,2.5833005516723E-6
1000,2.8371953472834E-6,2.5854350970462E-6
1001,2.8371953472834E-6,2.5863050890497E-6
1000,2.8371953472834E-6,2.5904995059223E-6
1001,2.8371953472834E-6,2.5905710624794E-6
1000,2.8371953472834E-6,2.5906360258725E-6
1001,2.8371953472834E-6,2.591977003735E-6
1000,2.8371953472834E-6,2.5960145626758E-6
1001,2.8371953472834E-6,2.5959501278815E-6
1000,2.8371953472834E-6,2.5976172258705E-6
1001,2.8371953472834E-6,2.5954338768549E-6
1000,2.8371953472834E-6,2.597171476393E-6
1001,2.8371953472834E-6,2.5988362506172E-6
1000,2.8371953472834E-6,2.6004663241E-6
1001,2.8371953472834E-6,2.5991871618063E-6
1000,2.8371953472834E-6,2.6014619045661E-6
1001,2.8371953472834E-6,2.6027480571734E-6
1000,2.8371953472834E-6,2.6061385991578E-6
1001,2.8371953472834E-6,2.6079689708707E-6
1000,2.8371953472834E-6,2.6063934509502E-6
1001,2.8371953472834E-6,2.609279588849E-6
1000,2.8371953472834E-6,2.6099866382812E-6
1001,2.8371953472834E-6,2.6113248077355E-6
1000,2.8371953472834E-6,2.6157553978988E-6
1001,2.8371953472834E-6,2.6125738699432E-6
1000,2.8371953472834E-6,2.6161074904885E-6
1001,2.8371953472834E-6,2.6187020690025E-6
1000,2.8371953472834E-6,2.620922848359E-6
1001,2.8371953472834E-6,2.6212194852363E-6
1000,2.8371953472834E-6,2.6240215876991E-6
1001,2.8371953472834E-6,2.6231716061158E-6
1000,2.8371953472834E-6,2.6223527354343E-6
1001,2.8371953472834E-6,2.6253597239503E-6
1000,2.8371953472834E-6,2.6281971640748E-6
1001,2.8371953472834E-6,2.6283040914501E-6
1000,2.8371953472834E-6,2.626849347751E-6
1001,2.8371953472834E-6,2.6308653867743E-6
1000,2.8371953472834E-6,2.6309937792405E-6
1001,2.8371953472834E-6,2.6334830055704E-6
1000,2.8371953472834E-6,2.6356652626594E-6
1001,2.8371953472834E-6,2.6354601865699E-6
1000,2.8371953472834E-6,2.6366059625578E-6
1001,2.8371953472834E-6,2.6358797253046E-6
1000,2.8371953472834E-6,2.6393998523251E-6
1001,2.8371953472834E-6,2.6407312351201E-6
1000,2.8371953472834E-6,2.6411551679436E-6
1001,2.8371953472834E-6,2.6415368958978E-6
1000,2.8371953472834E-6,2.6424043335509E-6
1001,2.8371953472834E-6,2.6448230809494E-6
1000,2.8371953472834E-6,2.6452742417007E-6
1001,2.8371953472834E-6,2.6465401609438E-6
1000,2.8371953472834E-6,2.6475585173364E-6
1001,2.8371953472834E-6,2.6491211900129E-6
1000,2.8371953472834E-6,2.6476273607477E-6
1001,2.8371953472834E-6,2.64938982283E-6
1000,2.8371953472834E-6,2.6531080409552E-6
1001,2.8371953472834E-6,2.6509992448254E-6
1000,2.8371953472834E-6,2.6532336982257E-6
1001,2.8371953472834E-6,2.6555544050904E-6
1000,2.8371953472834E-6,2.6571764282048E-6
1001,2.8371953472834E-6,2.6567578787732E-6
1000,2.8371953472834E-6,2.6606461162449E-6
1001,2.8371953472834E-6,2.6597835497458E-6
1000,2.8371953472834E-6,2.6626410579724E-6
1001,2.8371953472834E-6,2.6612387237659E-6
1000,2.8371953472834E-6,2.6633699118531E-6
1001,2.8371953472834E-6,2.6654419325914E-6
1000,2.8371953472834E-6,2.6698143725699E-6
1001,2.8371953472834E-6,2.6693743603352E-6
1000,2.8371953472834E-6,2.6708975122847E-6
1001,2.8371953472834E-6,2.6706603215615E-6
1000,2.8371953472834E-6,2.6720690939379E-6
1001,2.8371953472834E-6,2.6747505515772E-6
1000,2.8371953472834E-6,2.6764281602785E-6
1001,2.8371953472834E-6,2.6762127602977E-6
1000,2.8371953472834E-6,2.6797079214168E-6
1001,2.8371953472834E-6,2.6785976534778E-6
1000,2.8371953472834E-6,2.681373403938E-6
1001,2.8371953472834E-6,2.6831950139135E-6
1000,2.8371953472834E-6,2.6819263336626E-6
1001,2.8371953472834E-6,2.6850561074842E-6
1000,2.8371953472834E-6,2.6866038469237E-6
1001,2.8371953472834E-6,2.6878375357237E-6
1000,2.8371953472834E-6,2.6915206935151E-6
1001,2.8371953472834E-6,2.6905619070455E-6
1000,2.8371953472834E-6,2.6921588697816E-6
1001,2.8371953472834E-6,2.6944709239891E-6
1000,2.8371953472834E-6,2.695305735791E-6
1001,2.8371953472834E-6,2.6973495022293E-6
1000,2.8371953472834E-6,2.696095712016E-6
1001,2.8371953472834E-6,2.6977513852185E-6
1000,2.8371953472834E-6,2.6998264932172E-6
1001,2.8371953472834E-6,2.699414170115E-6
1000,2.8371953472834E-6,2.7026334448471E-6
1001,2.8371953472834E-6,2.7033309114626E-6
1000,2.8371953472834E-6,2.7053623847433E-6
1001,2.8371953472834E-6,2.7074499337686E-6
1000,2.8371953472834E-6,2.7087007456464E-6
1001,2.8371953472834E-6,2.7090656407003E-6
1000,2.8371953472834E-6,2.7127540003191E-6
1001,2.8371953472834E-6,2.7133502480116E-6
1000,2.8371953472834E-6,2.713436051809E-6
1001,2.8371953472834E-6,2.7153392973857E-6
1000,2.8371953472834E-6,2.7151690055402E-6
1001,2.8371953472834E-6,2.7160583348524E-6
1000,2.8371953472834E-6,2.7172952310529E-6
1001,2.8371953472834E-6,2.7179237122833E-6
1000,2.8371953472834E-6,2.7174457614503E-6
1001,2.8371953472834E-6,2.7181922768555E-6
1000,2.8371953472834E-6,2.7202646488606E-6
1001,2.8371953472834E-6,2.7205918734544E-6
1000,2.8371953472834E-6,2.7216853727264E-6
1001,2.8371953472834E-6,2.7245633590234E-6
1000,2.8371953472834E-6,2.7263479227218E-6
1001,2.8371953472834E-6,2.7273129474319E-6
1000,2.8371953472834E-6,2.7303671919285E-6
1001,2.8371953472834E-6,2.7317049036712E-6
1000,2.8371953472834E-6,2.7289515065223E-6
1001,2.8371953472834E-6,2.7281324176821E-6
1000,2.8371953472834E-6,2.7334674529318E-6
1001,2.8371953472834E-6,2.7340594782924E-6
1000,2.8371953472834E-6,2.7354023862965E-6
1001,2.8371953472834E-6,2.7334510128256E-6
1000,2.8371953472834E-6,2.7369187478278E-6
1001,2.8371953472834E-6,2.7380352655545E-6
1000,2.8371953472834E-6,2.7372935467158E-6
1001,2.8371953472834E-6,2.739099564103E-6
1000,2.8371953472834E-6,2.7433686090955E-6
1001,2.8371953472834E-6,2.7441791053007E-6
1000,2.8371953472834E-6,2.742695828354E-6
1001,2.8371953472834E-6,2.7420066926086E-6
1000,2.8371953472834E-6,2.7444770298032E-6
1001,2.8371953472834E-6,2.7465194332402E-6
1000,2.8371953472834E-6,2.7462749179556E-6
1001,2.8371953472834E-6,2.7480632597742E-6
1000,2.8371953472834E-6,2.7474837764985E-6
1001,2.8371953472834E-6,2.750102084367E-6
1000,2.8371953472834E-6,2.7505670254729E-6
1001,2.8371953472834E-6,2.7541938716733E-6
1000,2.8371953472834E-6,2.7523167280159E-6
1001,2.8371953472834E-6,2.7575290223778E-6
1000,2.8371953472834E-6,2.7543876447599E-6
1001,2.8371953472834E-6,2.7561685955251E-6
1000,2.8371953472834E-6,2.7559680247303E-6
1001,2.8493084799552E-6,2.7574416384192E-6
1000,2.8493084799552E-6,2.7578484179246E-6
1001,2.8493084799552E-6,2.7595325053233E-6
1000,2.8493084799552E-6,2.7603260516225E-6
1001,2.8493084799552E-6,2.7622936893573E-6
1000,2.8493084799552E-6,2.7633803394512E-6
1001,2.8493084799552E-6,2.7625314814977E-6
1000,2.8493084799552E-6,2.7660579608501E-6
1001,2.8493084799552E-6,2.766368187372E-6
1000,2.8493084799552E-6,2.7672076977214E-6
1001,2.8493084799552E-6,2.7684275929705E-6
1000,2.8493084799552E-6,2.7677130905198E-6
1001,2.8493084799552E-6,2.7670682610263E-6
1000,2.8566915814927E-6,2.7711257396843E-6
1001,2.8566915814927E-6,2.770223975212E-6
1000,2.8566915814927E-6,2.7708707328651E-6
1001,2.8566915814927E-6,2.7706894970064E-6
1000,2.8566915814927E-6,2.7721760857942E-6
1001,2.8566915814927E-6,2.7747512258865E-6
1000,2.8566915814927E-6,2.7735735108825E-6
1001,2.8566915814927E-6,2.7734178180147E-6
1000,2.8566915814927E-6,2.7738641689111E-6
1001,2.8566915814927E-6,2.775502857475E-6
1000,2.8619762443951E-6,2.7764789883869E-6
1001,2.8619762443951E-6,2.7748841013348E-6
1000,2.8619762443951E-6,2.7764517760727E-6
1001,2.8619762443951E-6,2.779034817636E-6
1000,2.8619762443951E-6,2.7784196402306E-6
1001,2.8619762443951E-6,2.7785068654206E-6
1000,2.8619762443951E-6,2.7801797142694E-6
1001,2.8619762443951E-6,2.7820996709319E-6
1000,2.8619762443951E-6,2.7834185245396E-6
1001,2.8619762443951E-6,2.7830073707095E-6
1000,2.8619762443951E-6,2.7838891307702E-6
1001,2.8619762443951E-6,2.7838968437431E-6
1000,2.8619762443951E-6,2.7854071792255E-6
1001,2.8619762443951E-6,2.7843715357948E-6
1000,2.8619762443951E-6,2.7863535875888E-6
1001,2.8619762443951E-6,2.7880649048532E-6
1000,2.8619762443951E-6,2.7874604534808E-6
1001,2.8619762443951E-6,2.7876012944841E-6
1000,2.8619762443951E-6,2.7889521511629E-6
1001,2.8619762443951E-6,2.7879129804059E-6
1000,2.8619762443951E-6,2.79029776082E-6
1001,2.8619762443951E-6,2.7894736364188E-6
1000,2.8678360344573E-6,2.7940054844821E-6
1001,2.8678360344573E-6,2.7922134276497E-6
1000,2.8678360344573E-6,2.7923509439488E-6
1001,2.8678360344573E-6,2.7912671096394E-6
1000,2.8678360344573E-6,2.7917696065257E-6
1001,2.8678360344573E-6,2.7936168764531E-6
1000,2.8678360344573E-6,2.793875003866E-6
1001,2.8849802791403E-6,2.795394768456E-6
1000,2.8849802791403E-6,2.796292078727E-6
1001,2.8849802791403E-6,2.7975370454937E-6
1000,2.8849802791403E-6,2.7942293572874E-6
1001,2.8931413888323E-6,2.7979816108661E-6
1000,2.8931413888323E-6,2.7960533774753E-6
1001,2.8931413888323E-6,2.799344716264E-6
1000,2.8931413888323E-6,2.7968689299221E-6
1001,2.8931413888323E-6,2.7993373116588E-6
1000,2.8931413888323E-6,2.7998394008867E-6
1001,2.8931413888323E-6,2.8026062155149E-6
1000,2.8931413888323E-6,2.8004551326391E-6
1001,2.8931413888323E-6,2.8036667854068E-6
1000,2.8978758975374E-6,2.8028415735279E-6
1001,2.8985742492983E-6,2.8034291433314E-6
1000,2.8985742492983E-6,2.8054519836211E-6
1001,2.8985742492983E-6,2.8083477018356E-6
1000,2.8985742492983E-6,2.8052206336988E-6
1001,2.8985742492983E-6,2.8080269162818E-6
1000,2.8985742492983E-6,2.8106526737545E-6
1001,2.8985742492983E-6,2.8109310156306E-6
1000,2.8985742492983E-6,2.8090077390854E-6
1001,2.8985742492983E-6,2.8066295035267E-6
1000,2.8985742492983E-6,2.8105753518712E-6
1001,2.8985742492983E-6,2.8115562306487E-6
1000,2.8985742492983E-6,2.8119478274941E-6
1001,2.8985742492983E-6,2.8102077984585E-6
1000,2.8985742492983E-6,2.8129050326423E-6
1001,2.9053600464532E-6,2.8118983113132E-6
1000,2.9053600464532E-6,2.8148025893406E-6
1001,2.9112123889554E-6,2.8143137754081E-6
1000,2.9112123889554E-6,2.8147901736686E-6
1001,2.9112123889554E-6,2.8139088419665E-6
1000,2.9112123889554E-6,2.8155000376509E-6
1001,2.9112123889554E-6,2.8166428298756E-6
1000,2.9112123889554E-6,2.8161864391823E-6
1001,2.9112123889554E-6,2.8159537442407E-6
1000,2.9112123889554E-6,2.8179197047038E-6
1001,2.9112123889554E-6,2.8172406635928E-6
1000,2.9171150758724E-6,2.8228451742026E-6
1001,2.9179254110569E-6,2.8261954095158E-6
1000,2.9179254110569E-6,2.8198688104599E-6
1001,2.9179254110569E-6,2.821299091487E-6
1000,2.9196895307262E-6,2.8168360690146E-6
1001,2.9196895307262E-6,2.822972699117E-6
1000,2.9196895307262E-6,2.8244657941459E-6
1001,2.9196895307262E-6,2.8231275392953E-6
1000,2.9196895307262E-6,2.8256619261635E-6
1001,2.9196895307262E-6,2.8245256334887E-6
1000,2.9196895307262E-6,2.8241208872249E-6
1001,2.9196895307262E-6,2.8261247377985E-6
1000,2.9196895307262E-6,2.8267632386855E-6
1001,2.9196895307262E-6,2.8272434464472E-6
1000,2.9196895307262E-6,2.8238532392635E-6
1001,2.9196895307262E-6,2.8255530514256E-6
1000,2.9196895307262E-6,2.8277049367683E-6
1001,2.922333521892E-6,2.828324398379E-6
1000,2.922333521892E-6,2.8314595114579E-6
1001,2.922333521892E-6,2.8290204944308E-6
1000,2.922333521892E-6,2.8316378797874E-6
1001,2.922333521892E-6,2.8298299677599E-6
1000,2.922333521892E-6,2.8315196246355E-6
1001,2.922333521892E-6,2.8312554652299E-6
1000,2.922333521892E-6,2.8327853456829E-6
1001,2.922333521892E-6,2.8327656187474E-6
1000,2.922333521892E-6,2.835174552544E-6
1001,2.922333521892E-6,2.8332286481666E-6
1000,2.922333521892E-6,2.8330547223746E-6
1001,2.922333521892E-6,2.8366409946914E-6
1000,2.922333521892E-6,2.8351754104696E-6
1001,2.922333521892E-6,2.836126870945E-6
1000,2.922333521892E-6,2.8383677830892E-6
1001,2.922333521892E-6,2.8341660884547E-6
1000,2.922333521892E-6,2.8360765509865E-6
1001,2.922333521892E-6,2.8363365848902E-6
1000,2.9238427269675E-6,2.8376502079004E-6
1001,2.9238427269675E-6,2.8386851950925E-6
1000,2.9238427269675E-6,2.8401333342825E-6
1001,2.9238427269675E-6,2.8394482689122E-6
1000,2.9238427269675E-6,2.8392277888855E-6
1001,2.9238427269675E-6,2.8420928574104E-6
1000,2.9238427269675E-6,2.8431987576441E-6
1001,2.9238427269675E-6,2.8417941082236E-6
1000,2.9238427269675E-6,2.8420236995539E-6
1001,2.9238427269675E-6,2.8432115202381E-6
1000,2.9238427269675E-6,2.8425643975026E-6
1001,2.9238427269675E-6,2.8416438212243E-6
1000,2.9238427269675E-6,2.8477371293064E-6
1001,2.9238427269675E-6,2.8434891394565E-6
1000,2.9238427269675E-6,2.8457841461806E-6
1001,2.9238427269675E-6,2.8454892181568E-6
1000,2.9238427269675E-6,2.847364709568E-6
1001,2.9238427269675E-6,2.8492382690894E-6
1000,2.9238427269675E-6,2.8470818578957E-6
1001,2.9238427269675E-6,2.8469124170237E-6
1000,2.9238427269675E-6,2.8497759069506E-6
1001,2.9238427269675E-6,2.8471253470077E-6
1000,2.9238427269675E-6,2.8494150051656E-6
1001,2.9238427269675E-6,2.8515969352235E-6
1000,2.9238427269675E-6,2.8498010818705E-6
1001,2.9238427269675E-6,2.8526876131286E-6
1000,2.9238427269675E-6,2.8513719180048E-6
1001,2.9238427269675E-6,2.8503703101832E-6
1000,2.9238427269675E-6,2.8520556991857E-6
1001,2.9238427269675E-6,2.8500568243393E-6
1000,2.9238427269675E-6,2.8526115818203E-6
1001,2.9238427269675E-6,2.8509280205466E-6
1000,2.9238427269675E-6,2.8539893633347E-6
1001,2.9238427269675E-6,2.8543447667085E-6
1000,2.9238427269675E-6,2.8497238387216E-6
1001,2.9238427269675E-6,2.8521169369356E-6
1000,2.9238427269675E-6,2.8563027581047E-6
1001,2.9238427269675E-6,2.8535867843271E-6
1000,2.9238427269675E-6,2.8541184278398E-6
1001,2.9238427269675E-6,2.8559970312198E-6
1000,2.9325327440741E-6,2.8564364516541E-6
1001,2.9325327440741E-6,2.8576107973774E-6
1000,2.9325327440741E-6,2.8566044424746E-6
1001,2.9325327440741E-6,2.8557207820689E-6
1000,2.9325327440741E-6,2.8568844244367E-6
1001,2.9325327440741E-6,2.8532809596685E-6
1000,2.9325327440741E-6,2.8589528870493E-6
1001,2.9325327440741E-6,2.8568050437983E-6
1000,2.9325327440741E-6,2.8591358146947E-6
1001,2.9362530650812E-6,2.8590871890722E-6
1000,2.9362530650812E-6,2.8599964367287E-6
1001,2.9362530650812E-6,2.8599890367374E-6
1000,2.9449405376749E-6,2.8609364852695E-6
1001,2.9449405376749E-6,2.8606781395299E-6
1000,2.9454927436755E-6,2.8614289117609E-6
1001,2.9454927436755E-6,2.8595172393326E-6
1000,2.9454927436755E-6,2.8582479748035E-6
1001,2.9454927436755E-6,2.8629714618899E-6
1000,2.9454927436755E-6,2.8630073521905E-6
1001,2.9454927436755E-6,2.8591444571612E-6
1000,2.9454927436755E-6,2.8605271539512E-6
1001,2.9454927436755E-6,2.8614101404278E-6
1000,2.9454927436755E-6,2.8640722083395E-6
1001,2.9454927436755E-6,2.8645675246022E-6
1000,2.9454927436755E-6,2.8610452659142E-6
1001,2.9635698142514E-6,2.863432050252E-6
1000,2.9635698142514E-6,2.862777925047E-6
1001,2.9635698142514E-6,2.8639250962263E-6
1000,2.9635698142514E-6,2.8604804902498E-6
1001,2.9635698142514E-6,2.8646023280078E-6
1000,2.9635698142514E-6,2.8639799941875E-6
1001,2.9635698142514E-6,2.8668966064221E-6
1000,2.9635698142514E-6,2.8703888239696E-6
1001,2.9635698142514E-6,2.866439220272E-6
1000,2.9635698142514E-6,2.8670447388983E-6
1001,2.9635698142514E-6,2.8664312868307E-6
1000,2.9635698142514E-6,2.8666903713916E-6
1001,2.9635698142514E-6,2.8683252863607E-6
1000,2.9635698142514E-6,2.8692022562378E-6
1001,2.9635698142514E-6,2.8693910248644E-6
1000,2.9635698142514E-6,2.8658613724405E-6
1001,2.9635698142514E-6,2.8659881564163E-6
1000,2.9635698142514E-6,2.871484924898E-6
1001,2.9635698142514E-6,2.8682769020977E-6
1000,2.9635698142514E-6,2.8702538113501E-6
1001,2.9635698142514E-6,2.8735833466407E-6
1000,2.9635698142514E-6,2.8709012906752E-6
1001,2.9635698142514E-6,2.8683152454113E-6
1000,2.9635698142514E-6,2.8710325814952E-6
1001,2.9635698142514E-6,2.8690956484443E-6
1000,2.9635698142514E-6,2.8709578501228E-6
1001,2.9635698142514E-6,2.8715649706019E-6
1000,2.9635698142514E-6,2.8738668611619E-6
1001,2.9635698142514E-6,2.8708565056783E-6
1000,2.9635698142514E-6,2.8696750976452E-6
1001,2.9635698142514E-6,2.8738810909829E-6
1000,2.9635698142514E-6,2.8726568541948E-6
1001,2.9635698142514E-6,2.8736001014794E-6
1000,2.9635698142514E-6,2.873351547151E-6
1001,2.9635698142514E-6,2.875987286292E-6
1000,2.9635698142514E-6,2.8738487568883E-6
1001,2.9635698142514E-6,2.8775982790961E-6
1000,2.9635698142514E-6,2.8758092287398E-6
1001,2.9635698142514E-6,2.8761837672858E-6
1000,2.9635698142514E-6,2.8747794044869E-6
1001,2.9635698142514E-6,2.8737435391027E-6
1000,2.9635698142514E-6,2.8769012027318E-6
1001,2.9635698142514E-6,2.8751320721596E-6
1000,2.9635698142514E-6,2.8767317694026E-6
1001,2.9635698142514E-6,2.8740167786824E-6
1000,2.9635698142514E-6,2.8756330869642E-6
1001,2.9635698142514E-6,2.8777442639412E-6
1000,2.9635698142514E-6,2.8753004604339E-6
1001,2.9635698142514E-6,2.8786878431711E-6
1000,2.9635698142514E-6,2.8786505748256E-6
1001,2.9635698142514E-6,2.8760100310653E-6
1000,2.9635698142514E-6,2.8745646590751E-6
1001,2.9635698142514E-6,2.8781559142427E-6
1000,2.9635698142514E-6,2.8779513086578E-6
1001,2.9635698142514E-6,2.8788880660437E-6
1000,2.9635698142514E-6,2.8801447461368E-6
1001,2.9635698142514E-6,2.8786739788939E-6
1000,2.9635698142514E-6,2.8815731577789E-6
1001,2.9635698142514E-6,2.8815675361835E-6
1000,2.9635698142514E-6,2.8824343766991E-6
1001,2.9635698142514E-6,2.8784916547158E-6
1000,2.9635698142514E-6,2.8801724574635E-6
1001,2.9635698142514E-6,2.879618459086E-6
1000,2.9635698142514E-6,2.8782852493362E-6
1001,2.9635698142514E-6,2.882568126969E-6
1000,2.9635698142514E-6,2.8819797969331E-6
1001,2.9635698142514E-6,2.884316847678E-6
1000,2.9635698142514E-6,2.8791173645398E-6
1001,2.9635698142514E-6,2.879434004588E-6
1000,2.9635698142514E-6,2.8802612958661E-6
1001,2.9635698142514E-6,2.8825572321727E-6
1000,2.9635698142514E-6,2.8799293622481E-6
1001,2.9635698142514E-6,2.8786292232473E-6
1000,2.9635698142514E-6,2.8817340171572E-6
1001,2.9635698142514E-6,2.8814488337949E-6
1000,2.9635698142514E-6,2.8816357799139E-6
1001,2.9635698142514E-6,2.8830583337352E-6
1000,2.9635698142514E-6,2.8826285985396E-6
1001,2.9635698142514E-6,2.8803337528429E-6
1000,2.9635698142514E-6,2.8816007070394E-6
1001,2.9635698142514E-6,2.8825139315739E-6
1000,2.9635698142514E-6,2.8799659972855E-6
1001,2.9635698142514E-6,2.8815703987091E-6
1000,2.9635698142514E-6,2.8831251278467E-6
1001,2.9635698142514E-6,2.8822036863153E-6
1000,2.9635698142514E-6,2.8826987553912E-6
1001,2.9635698142514E-6,2.8804066293223E-6
1000,2.9635698142514E-6,2.8812610661856E-6
1001,2.9635698142514E-6,2.8834266706062E-6
1000,2.9635698142514E-6,2.8821181582648E-6
1001,2.9635698142514E-6,2.8815717681605E-6
1000,2.9635698142514E-6,2.8853560001959E-6
1001,2.9635698142514E-6,2.8843761024397E-6
1000,2.9635698142514E-6,2.8840621465565E-6
1001,2.9635698142514E-6,2.8829422610438E-6
1000,2.9635698142514E-6,2.8845100014918E-6
1001,2.9635698142514E-6,2.8878102120446E-6
1000,2.9635698142514E-6,2.8845882747266E-6
1001,2.9635698142514E-6,2.8841620701621E-6
1000,2.9635698142514E-6,2.8859787880147E-6
1001,2.9635698142514E-6,2.8869926484487E-6
1000,2.9635698142514E-6,2.8829346433803E-6
1001,2.9635698142514E-6,2.8874838719866E-6
1000,2.9635698142514E-6,2.8859714866371E-6
1001,2.9635698142514E-6,2.886978231075E-6
1000,2.9635698142514E-6,2.8876894659317E-6
1001,2.9635698142514E-6,2.8868209363044E-6
1000,2.9635698142514E-6,2.888774876107E-6
1001,2.9635698142514E-6,2.8898076939976E-6
1000,2.9635698142514E-6,2.886901838777E-6
1001,2.9635698142514E-6,2.8932944571748E-6
1000,2.9635698142514E-6,2.8907812848195E-6
1001,2.9635698142514E-6,2.8908697470586E-6
1000,2.9635698142514E-6,2.887409053952E-6
1001,2.9635698142514E-6,2.888136541874E-6
1000,2.9635698142514E-6,2.8898340001134E-6
1001,2.9635698142514E-6,2.8909432008828E-6
1000,2.9635698142514E-6,2.8926483887843E-6
1001,2.9635698142514E-6,2.8907365491087E-6
1000,2.9635698142514E-6,2.8935477170971E-6
1001,2.9635698142514E-6,2.8907290642989E-6
1000,2.9635698142514E-6,2.893957191288E-6
1001,2.9635698142514E-6,2.8925791309806E-6
1000,2.9635698142514E-6,2.8932829462211E-6
1001,2.9635698142514E-6,2.8938387058448E-6
1000,2.9635698142514E-6,2.8918810202519E-6
1001,2.9635698142514E-6,2.8898245087601E-6
1000,2.9635698142514E-6,2.8944143502601E-6
1001,2.9635698142514E-6,2.8955101341006E-6
1000,2.9635698142514E-6,2.8949571535956E-6
1001,2.9635698142514E-6,2.8933405315778E-6
1000,2.9635698142514E-6,2.8942990511937E-6
1001,2.9635698142514E-6,2.8959914716085E-6
1000,2.9635698142514E-6,2.8960935159886E-6
1001,2.9635698142514E-6,2.8972907103463E-6
1000,2.9635698142514E-6,2.8946912289023E-6
1001,2.9635698142514E-6,2.8939463124284E-6
1000,2.9635698142514E-6,2.8963846842495E-6
1001,2.9635698142514E-6,2.8955508758911E-6
1000,2.9635698142514E-6,2.8981376168018E-6
1001,2.9635698142514E-6,2.8975624172862E-6
1000,2.9635698142514E-6,2.8953166786453E-6
1001,2.9635698142514E-6,2.8966517858052E-6
1000,2.9635698142514E-6,2.8990773940848E-6
1001,2.9635698142514E-6,2.8991816814838E-6
1000,2.9690922249926E-6,2.8990210654482E-6
1001,2.9690922249926E-6,2.8977874107076E-6
1000,2.9690922249926E-6,2.8956872873309E-6
1001,2.9690922249926E-6,2.8989945822171E-6
1000,2.9690922249926E-6,2.8973278116061E-6
1001,2.9690922249926E-6,2.8973369667262E-6
1000,2.9690922249926E-6,2.8954472938685E-6
1001,2.9690922249926E-6,2.9000311852153E-6
1000,2.9690922249926E-6,2.8990891215962E-6
1001,2.9690922249926E-6,2.9008742433299E-6
1000,2.9690922249926E-6,2.8996201187177E-6
1001,2.9690922249926E-6,2.8999870917897E-6
1000,2.9690922249926E-6,2.9021448877261E-6
1001,2.9690922249926E-6,2.8999335930661E-6
1000,2.9690922249926E-6,2.9012373892367E-6
1001,2.9764529532768E-6,2.9008241536028E-6
1000,2.9764529532768E-6,2.9018300066336E-6
1001,2.9764529532768E-6,2.903429058528E-6
1000,2.9764529532768E-6,2.9054905999266E-6
1001,2.9764529532768E-6,2.9014274431325E-6
1000,2.9849782165245E-6,2.9033571009059E-6
1001,2.9849782165245E-6,2.9034792824317E-6
1000,2.9849782165245E-6,2.9024154574751E-6
1001,2.9849782165245E-6,2.9028902613142E-6
1000,2.9849782165245E-6,2.9051024525403E-6
1001,2.9849782165245E-6,2.9067012256131E-6
1000,2.9849782165245E-6,2.9055770702954E-6
1001,2.9866392692291E-6,2.9052376395474E-6
1000,2.9866392692291E-6,2.9047956473031E-6
1001,2.9866392692291E-6,2.9047469663718E-6
1000,2.9866392692291E-6,2.9069035696529E-6
1001,2.9866392692291E-6,2.9051248731434E-6
1000,2.9866392692291E-6,2.9077551549568E-6
1001,2.9866392692291E-6,2.907019958797E-6
1000,2.9866392692291E-6,2.9075419677405E-6
1001,2.9866392692291E-6,2.9090431248664E-6
1000,2.9866392692291E-6,2.9102795872854E-6
1001,2.9866392692291E-6,2.9075721841131E-6
1000,2.9866392692291E-6,2.910499127902E-6
1001,2.9866392692291E-6,2.9084619085401E-6
1000,2.9866392692291E-6,2.9096729701836E-6
1001,2.9866392692291E-6,2.9115253004116E-6
1000,2.9866392692291E-6,2.913668166315E-6
1001,2.9866392692291E-6,2.9105209595351E-6
1000,2.9866392692291E-6,2.9108788607702E-6
1001,2.9866392692291E-6,2.9107810427841E-6
1000,2.9866392692291E-6,2.9113037697652E-6
1001,2.9866392692291E-6,2.910818312088E-6
1000,2.9866392692291E-6,2.9109997844763E-6
1001,2.9866392692291E-6,2.9115659768944E-6
1000,2.9866392692291E-6,2.9128346471594E-6
1001,2.9866392692291E-6,2.9097090916152E-6
1000,2.9866392692291E-6,2.912223722175E-6
1001,2.9866392692291E-6,2.9129214154325E-6
1000,2.9866392692291E-6,2.9113756905016E-6
1001,2.9866392692291E-6,2.9121784368383E-6
1000,2.9866392692291E-6,2.9135811180783E-6
1001,2.9866392692291E-6,2.9133742662821E-6
1000,2.986863535223E-6,2.9128887001858E-6
1001,2.986863535223E-6,2.911777140381E-6
1000,2.986863535223E-6,2.9133490947508E-6
1001,2.986863535223E-6,2.9150010870543E-6
1000,2.986863535223E-6,2.9127723595322E-6
1001,2.986863535223E-6,2.9149887400451E-6
1000,2.986863535223E-6,2.9151718524573E-6
1001,2.986863535223E-6,2.9117790787471E-6
1000,2.986863535223E-6,2.9124110773652E-6
1001,2.986863535223E-6,2.9131253748476E-6
1000,2.986863535223E-6,2.9119560521327E-6
1001,2.986863535223E-6,2.9109904979939E-6
1000,2.986863535223E-6,2.9139728958315E-6
1001,2.986863535223E-6,2.9157805089109E-6
1000,2.986863535223E-6,2.9129709038374E-6
1001,2.986863535223E-6,2.9154576071096E-6
1000,2.986863535223E-6,2.9142075870257E-6
1001,2.986863535223E-6,2.9151805329568E-6
1000,2.986863535223E-6,2.9154612024835E-6
1001,2.986863535223E-6,2.9162935778815E-6
1000,2.986863535223E-6,2.9174497987745E-6
1001,2.989006464115E-6,2.912686949701E-6
1000,2.989006464115E-6,2.9159882999668E-6
1001,2.989006464115E-6,2.9163127064868E-6
1000,2.989006464115E-6,2.9180193249294E-6
1001,2.989006464115E-6,2.9159463110113E-6
1000,2.989006464115E-6,2.9180360086607E-6
1001,2.989006464115E-6,2.9171097348205E-6
1000,2.989006464115E-6,2.9167921332963E-6
1001,2.989006464115E-6,2.9175427009424E-6
1000,2.989006464115E-6,2.9186496174629E-6
1001,2.989006464115E-6,2.9201493704389E-6
1000,2.989006464115E-6,2.9198805134101E-6
1001,2.989006464115E-6,2.9187763966387E-6
1000,2.9892545863236E-6,2.9164202387899E-6
1001,2.9892545863236E-6,2.9189259100612E-6
1000,2.9892545863236E-6,2.9182908680348E-6
1001,2.9892545863236E-6,2.9190625246378E-6
1000,2.9892545863236E-6,2.9205194601289E-6
1001,2.9892545863236E-6,2.9199160064651E-6
1000,2.9892545863236E-6,2.919351123863E-6
1001,2.9892545863236E-6,2.9193884716868E-6
1000,2.9892545863236E-6,2.9208929584492E-6
1001,2.9892545863236E-6,2.9223719849679E-6
1000,2.9903165178267E-6,2.9226703889092E-6
1001,2.9903165178267E-6,2.9214684903045E-6
1000,2.9908521497064E-6,2.919601423505E-6
1001,2.9908521497064E-6,2.9221227988094E-6
1000,2.9908521497064E-6,2.9247402502677E-6
1001,2.9908521497064E-6,2.9223203724386E-6
1000,2.9908521497064E-6,2.9231237174222E-6
1001,2.9908521497064E-6,2.9205948480988E-6
1000,2.9908521497064E-6,2.920738208122E-6
1001,2.9908521497064E-6,2.9211573015933E-6
1000,2.9908521497064E-6,2.9218353859267E-6
1001,2.9908521497064E-6,2.9256757092895E-6
1000,2.9908521497064E-6,2.9231002830727E-6
1001,2.9908521497064E-6,2.9247320913575E-6
1000,2.9937550867641E-6,2.92250255286E-6
1001,2.9999695203097E-6,2.9234071159186E-6
1000,3.0002301776592E-6,2.9261639746331E-6
1001,3.0002301776592E-6,2.9264138074799E-6
1000,3.0002301776592E-6,2.9224204948922E-6
1001,3.0002301776592E-6,2.9241987669414E-6
1000,3.0002301776592E-6,2.9248962105228E-6
1001,3.0002301776592E-6,2.9257981843279E-6
1000,3.0002301776592E-6,2.9279814584357E-6
1001,3.0002301776592E-6,2.9235108188966E-6
1000,3.0002301776592E-6,2.925982484787E-6
1001,3.0002301776592E-6,2.9279561958464E-6
1000,3.0002301776592E-6,2.9301280889636E-6
1001,3.0002301776592E-6,2.9263529708989E-6
1000,3.0002301776592E-6,2.9261950870338E-6
1001,3.0002301776592E-6,2.9258860469519E-6
1000,3.0002301776592E-6,2.926232787423E-6
1001,3.0002301776592E-6,2.9300873196342E-6
1000,3.0002301776592E-6,2.9247729506853E-6
1001,3.0002301776592E-6,2.9258067118631E-6
1000,3.0025199849982E-6,2.9277516025627E-6
1001,3.0025199849982E-6,2.9248638439016E-6
1000,3.0025199849982E-6,2.9274125404063E-6
1001,3.0025199849982E-6,2.929243770082E-6
1000,3.0025199849982E-6,2.9295835547596E-6
1001,3.0025199849982E-6,2.9273816133069E-6
1000,3.0025199849982E-6,2.9276461880364E-6
1001,3.0025199849982E-6,2.9282530069976E-6
1000,3.0025199849982E-6,2.93050354977E-6
1001,3.0025199849982E-6,2.9281611068595E-6
1000,3.0025199849982E-6,2.9314402347642E-6
1001,3.0025199849982E-6,2.9292647895462E-6
1000,3.0025199849982E-6,2.9296003950183E-6
1001,3.0025199849982E-6,2.9313943550673E-6
1000,3.0025199849982E-6,2.9294778233212E-6
1001,3.0025199849982E-6,2.9309185134262E-6
1000,3.0025199849982E-6,2.9321730161839E-6
1001,3.0025199849982E-6,2.9298265722337E-6
1000,3.0025199849982E-6,2.9302905890021E-6
1001,3.0025199849982E-6,2.9275545400303E-6
1000,3.0025199849982E-6,2.9318903182521E-6
1001,3.0025199849982E-6,2.9261855645969E-6
1000,3.0025199849982E-6,2.9289943353292E-6
1001,3.0025199849982E-6,2.9262969286207E-6
1000,3.0025199849982E-6,2.9313787536698E-6
1001,3.0025199849982E-6,2.9302975195757E-6
1000,3.0025199849982E-6,2.929241644983E-6
1001,3.0025199849982E-6,2.9300803659912E-6
1000,3.0025199849982E-6,2.9315716903673E-6
1001,3.0025199849982E-6,2.9319546829954E-6
1000,3.0025199849982E-6,2.9311719611397E-6
1001,3.0025199849982E-6,2.9285939339135E-6
1000,3.0025199849982E-6,2.9302828426262E-6
1001,3.0025199849982E-6,2.9294475025137E-6
1000,3.0025199849982E-6,2.9315361532736E-6
1001,3.0025199849982E-6,2.9331133876751E-6
1000,3.0025199849982E-6,2.9312047272661E-6
1001,3.0025199849982E-6,2.9320435968299E-6
1000,3.0025199849982E-6,2.930862218063E-6
1001,3.0025199849982E-6,2.9297707863389E-6
1000,3.0025199849982E-6,2.9286786619777E-6
1001,3.002798307743E-6,2.933968590913E-6
1000,3.002798307743E-6,2.9330317871743E-6
1001,3.002798307743E-6,2.9335884290385E-6
1000,3.002798307743E-6,2.9313803509626E-6
1001,3.002798307743E-6,2.9322319541201E-6
1000,3.002798307743E-6,2.9313891442963E-6
1001,3.002798307743E-6,2.9338821921836E-6
1000,3.0097705579669E-6,2.9319270552572E-6
1001,3.0097705579669E-6,2.9337073559946E-6
1000,3.0097705579669E-6,2.9365315604825E-6
1001,3.0097705579669E-6,2.9342500706776E-6
1000,3.0097705579669E-6,2.9333012100742E-6
1001,3.0097705579669E-6,2.9364848749801E-6
1000,3.0097705579669E-6,2.9342662319735E-6
1001,3.0097705579669E-6,2.932814936979E-6
1000,3.0097705579669E-6,2.9348431246775E-6
1001,3.0097705579669E-6,2.9348329611844E-6
1000,3.0097705579669E-6,2.9330813939497E-6
1001,3.0097705579669E-6,2.9338597572678E-6
1000,3.0097705579669E-6,2.9369018633516E-6
1001,3.0097705579669E-6,2.9323361949926E-6
1000,3.0097705579669E-6,2.9337888952136E-6
1001,3.0097705579669E-6,2.9356498528058E-6
1000,3.0097705579669E-6,2.9360228805439E-6
1001,3.0097705579669E-6,2.9350444350428E-6
1000,3.0097705579669E-6,2.9333582914106E-6
1001,3.0097705579669E-6,2.9365589001605E-6
1000,3.0097705579669E-6,2.9320338289564E-6
1001,3.0097705579669E-6,2.9347068873763E-6
1000,3.0097705579669E-6,2.932983796237E-6
1001,3.0097705579669E-6,2.9339078862591E-6
1000,3.0097705579669E-6,2.9321491423466E-6
1001,3.0097705579669E-6,2.9367943156279E-6
1000,3.0097705579669E-6,2.9368429381264E-6
1001,3.0097705579669E-6,2.9332423396211E-6
1000,3.0097705579669E-6,2.9347578575949E-6
1001,3.0097705579669E-6,2.9361323692934E-6
1000,3.0097705579669E-6,2.9368628377633E-6
1001,3.0097705579669E-6,2.9329454984972E-6
1000,3.0097705579669E-6,2.9346952457249E-6
1001,3.0097705579669E-6,2.9314478823189E-6
1000,3.0097705579669E-6,2.9346475859349E-6
1001,3.0097705579669E-6,2.9359584403532E-6
1000,3.0097705579669E-6,2.9356085857673E-6
1001,3.0097705579669E-6,2.9371633626218E-6
1000,3.0097705579669E-6,2.9349726464136E-6
1001,3.0097705579669E-6,2.9354980055929E-6
1000,3.0111676983128E-6,2.9367055789458E-6
1001,3.0111676983128E-6,2.9353913417913E-6
1000,3.0111676983128E-6,2.9352857617226E-6
1001,3.0111676983128E-6,2.9366969507224E-6
1000,3.0111676983128E-6,2.9365977893573E-6
1001,3.0111676983128E-6,2.9351732807795E-6
1000,3.0111676983128E-6,2.939292306996E-6
1001,3.0111676983128E-6,2.9354402117863E-6
1000,3.0111676983128E-6,2.9352743254541E-6
1001,3.0111676983128E-6,2.9353502729381E-6
1000,3.0111676983128E-6,2.9372948191114E-6
1001,3.0111676983128E-6,2.9352419960838E-6
1000,3.0111676983128E-6,2.9350843694156E-6
1001,3.0131804043839E-6,2.9399165676231E-6
1000,3.0131804043839E-6,2.9405067172356E-6
1001,3.0131804043839E-6,2.9361860760222E-6
1000,3.0131804043839E-6,2.9351390397911E-6
1001,3.0131804043839E-6,2.9372721706356E-6
1000,3.0131804043839E-6,2.9362921066015E-6
1001,3.0131804043839E-6,2.9362257339134E-6
1000,3.0131804043839E-6,2.9380889024449E-6
1001,3.0131804043839E-6,2.9363663492628E-6
1000,3.0131804043839E-6,2.9389185959514E-6
1001,3.0131804043839E-6,2.9383788576237E-6
1000,3.0131804043839E-6,2.9365241232758E-6
1001,3.0131804043839E-6,2.9364150433548E-6
1000,3.0131804043839E-6,2.9378209780172E-6
1001,3.0131804043839E-6,2.9396480137739E-6
1000,3.0131804043839E-6,2.9379429351258E-6
1001,3.0131804043839E-6,2.9387286817779E-6
1000,3.0131804043839E-6,2.9405514468224E-6
1001,3.0131804043839E-6,2.9394462781425E-6
1000,3.0131804043839E-6,2.9378898309714E-6
1001,3.0131804043839E-6,2.9370244939943E-6
1000,3.0131804043839E-6,2.9362209557903E-6
1001,3.0131804043839E-6,2.9382263542929E-6
1000,3.0131804043839E-6,2.9407407726953E-6
1001,3.0131804043839E-6,2.9375847908614E-6
1000,3.0131804043839E-6,2.9358685232344E-6
1001,3.0131804043839E-6,2.9374379169119E-6
1000,3.0131804043839E-6,2.9383221499395E-6
1001,3.0131804043839E-6,2.9374527822375E-6
1000,3.0131804043839E-6,2.9386053712556E-6
1001,3.0131804043839E-6,2.9397682227847E-6
1000,3.0131804043839E-6,2.9392415228813E-6
1001,3.0131804043839E-6,2.9377276104823E-6
1000,3.0131804043839E-6,2.9367126176996E-6
1001,3.0131804043839E-6,2.9383077740557E-6
1000,3.0131804043839E-6,2.9401749341214E-6
1001,3.0131804043839E-6,2.9407730401967E-6
1000,3.0131804043839E-6,2.9404412920625E-6
1001,3.0131804043839E-6,2.9400812105036E-6
1000,3.0131804043839E-6,2.9409132046241E-6
1001,3.0131804043839E-6,2.9402536693753E-6
1000,3.0131804043839E-6,2.9415860944102E-6
1001,3.0131804043839E-6,2.9383118420899E-6
1000,3.0131804043839E-6,2.9383801157446E-6
1001,3.0131804043839E-6,2.9397958478562E-6
1000,3.0131804043839E-6,2.9372049616429E-6
1001,3.0167850905654E-6,2.9394414326065E-6
1000,3.0167850905654E-6,2.9390774457291E-6
1001,3.0167850905654E-6,2.9406075480386E-6
1000,3.0167850905654E-6,2.9425552939915E-6
1001,3.0174751035673E-6,2.9414098092303E-6
1000,3.0174751035673E-6,2.9441565684129E-6
1001,3.0174751035673E-6,2.9401416754146E-6
1000,3.0174751035673E-6,2.9393327110457E-6
1001,3.0174751035673E-6,2.9423113839488E-6
1000,3.0174751035673E-6,2.9411233162336E-6
1001,3.0174751035673E-6,2.9457772094005E-6
1000,3.0174751035673E-6,2.9424039409907E-6
1001,3.0174751035673E-6,2.9417885245707E-6
1000,3.0174751035673E-6,2.9406297120635E-6
1001,3.0174751035673E-6,2.9435306120214E-6
1000,3.0174751035673E-6,2.9423360946933E-6
1001,3.0174751035673E-6,2.9430253793067E-6
1000,3.0174751035673E-6,2.9379701168499E-6
1001,3.0174751035673E-6,2.9427646370912E-6
1000,3.0174751035673E-6,2.9417553969091E-6
1001,3.0174751035673E-6,2.9439604693799E-6
1000,3.0174751035673E-6,2.9429241629304E-6
1001,3.0174751035673E-6,2.9433680055844E-6
1000,3.0174751035673E-6,2.9415861245931E-6
1001,3.0174751035673E-6,2.9445002515969E-6
1000,3.0174751035673E-6,2.9467193343452E-6
1001,3.0174751035673E-6,2.9446546333915E-6
1000,3.0174751035673E-6,2.9438673001786E-6
1001,3.0174751035673E-6,2.9423097685489E-6
1000,3.0174751035673E-6,2.9432152081621E-6
1001,3.0174751035673E-6,2.9445185776289E-6
1000,3.0174751035673E-6,2.9424647617134E-6
1001,3.0174751035673E-6,2.9449001443962E-6
1000,3.0174751035673E-6,2.9413238510401E-6
1001,3.0174751035673E-6,2.9460014131873E-6
1000,3.0174751035673E-6,2.9423873912761E-6
1001,3.0174751035673E-6,2.946680378039E-6
1000,3.0174751035673E-6,2.946291009531E-6
1001,3.0174751035673E-6,2.9420014465746E-6
1000,3.0174751035673E-6,2.9434053580502E-6
1001,3.0174751035673E-6,2.9435325931876E-6
1000,3.0174751035673E-6,2.9447536989902E-6
1001,3.0174751035673E-6,2.9461722733033E-6
1000,3.0174751035673E-6,2.9425309025862E-6
1001,3.0174751035673E-6,2.9473094089155E-6
1000,3.0174751035673E-6,2.9443248829242E-6
1001,3.0174751035673E-6,2.944478794428E-6
1000,3.0174751035673E-6,2.9469856632111E-6
1001,3.0174751035673E-6,2.9458486837974E-6
1000,3.0174751035673E-6,2.9460364195291E-6
1001,3.0174751035673E-6,2.9449535328612E-6
1000,3.0174751035673E-6,2.9462024507988E-6
1001,3.0174751035673E-6,2.9473257008769E-6
1000,3.0174751035673E-6,2.9448093946644E-6
1001,3.0174751035673E-6,2.9461758666405E-6
1000,3.0174751035673E-6,2.9469061733346E-6
1001,3.0174751035673E-6,2.9490557915079E-6
1000,3.0174751035673E-6,2.9455487827003E-6
1001,3.0174751035673E-6,2.946806283176E-6
1000,3.0174751035673E-6,2.9488540254261E-6
1001,3.0174751035673E-6,2.9485737320458E-6
1000,3.0174751035673E-6,2.9484742669954E-6
1001,3.0258367119322E-6,2.9483838674547E-6
1000,3.0258367119322E-6,2.9483031231417E-6
1001,3.0258367119322E-6,2.9497691263686E-6
1000,3.0258367119322E-6,2.9451813226624E-6
1001,3.0258367119322E-6,2.9484545700581E-6
1000,3.0258367119322E-6,2.9480988500314E-6
1001,3.0258367119322E-6,2.9487704554641E-6
1000,3.0258367119322E-6,2.9474679563461E-6
1001,3.0258367119322E-6,2.9498537219699E-6
1000,3.0258367119322E-6,2.9494384058699E-6
1001,3.0258367119322E-6,2.9494621694664E-6
1000,3.0258367119322E-6,2.9474045131177E-6
1001,3.0258367119322E-6,2.9503004242648E-6
1000,3.0258367119322E-6,2.9482861231352E-6
1001,3.0258367119322E-6,2.9496726776409E-6
1000,3.0258367119322E-6,2.9493670940942E-6
1001,3.0258367119322E-6,2.9522682014388E-6
1000,3.0258367119322E-6,2.9546927570954E-6
1001,3.0258367119322E-6,2.9509768892684E-6
1000,3.0258367119322E-6,2.9517722995816E-6
1001,3.0258367119322E-6,2.9492653806916E-6
1000,3.0258367119322E-6,2.9489654952523E-6
1001,3.0258367119322E-6,2.9485544487227E-6
1000,3.0258367119322E-6,2.9497334025719E-6
1001,3.0258367119322E-6,2.9503115582211E-6
1000,3.0258367119322E-6,2.9510298283547E-6
1001,3.0258367119322E-6,2.9479691594345E-6
1000,3.0258367119322E-6,2.9482158715457E-6
1001,3.0258367119322E-6,2.9540008703435E-6
1000,3.0258367119322E-6,2.9527783293768E-6
1001,3.0258367119322E-6,2.9524367294065E-6
1000,3.0258367119322E-6,2.948266686266E-6
1001,3.0258367119322E-6,2.9508049975961E-6
1000,3.0258367119322E-6,2.9498650848548E-6
1001,3.0258367119322E-6,2.9530098682104E-6
1000,3.0258367119322E-6,2.9508496878407E-6
1001,3.0258367119322E-6,2.9495731251866E-6
1000,3.0258367119322E-6,2.948444227879E-6
1001,3.0258367119322E-6,2.9503657792082E-6
1000,3.0258367119322E-6,2.9521765284143E-6
1001,3.0258367119322E-6,2.9496092937086E-6
1000,3.0258367119322E-6,2.9520407182739E-6
